{"cameraMode":{"drawMode":0,"name":"Shaded","section":"Shading Mode"},"sceneLighting":true,"audioPlay":false,"sceneViewState":{"m_AlwaysRefresh":false,"showFog":true,"showSkybox":true,"showFlares":true,"showImageEffects":true,"showParticleSystems":true,"showVisualEffectGraphs":true,"m_FxEnabled":true},"in2DMode":false,"pivot":{"x":13.346871376037598,"y":1.8918993473052979,"z":-13.416412353515625},"rotation":{"x":0.13398320972919465,"y":0.013874947093427182,"z":-0.0018713211175054312,"w":0.9909073710441589},"size":1.4657021760940552,"orthographic":false}